num-1,sym,lvl,237,238,239,240,241,242,243,244,245,246,247,248,249,250,251,252,253,254,255,256,257,260,262
91,atom,lvlMO,0,2.3,0,0,1.3,0.7,0.1,0.3,3,0.8,0.6,0.6,0.4,2.8,0,3.2,0,0,0.7,0.8,0.1,1.2,0
92,atom,lvlMO,0.6,2,0,0.4,2.5,1.5,0.5,0.3,1.1,0.4,0.1,0.1,0.1,0.8,0,0.4,0,0,0,0,0,0.0,0.0
93,atom,lvlMO,2.3,5.5,0,0.2,12.4,8.5,4.5,2.9,6.2,1.5,1.1,0.3,0.6,3.3,0,0.6,0,0,0.4,0.6,0,1.2,0
94,atom,lvlMO,1.2,2.8,0,0.1,5.7,3.9,2.1,1.3,2.4,0.5,0.4,0.1,0.3,1.5,0,0.8,0,0,0.3,0.2,0,0.5,0
95,atom,lvlMO,0.5,1,0,0,2.3,1.6,0.8,0.5,5.1,2.6,0.5,0,0.3,2.7,0,2.4,0,0,0,0,0,0.0,0.0
96,atom,lvlMO,0.5,2.4,0,0.3,1.9,1.3,0.5,0.3,1,0.2,0.2,0.4,0.4,0.2,0,1.2,0,0,0.2,0,0,0.0,0.0
97,atom,lvlMO,1.5,8.3,0,5.5,6.1,2.2,0.6,0.6,0.6,0.1,0,0,0.5,1.5,0,0.9,0,0,0.1,0.1,0,0.0,0.0
98,atom,lvlMO,16,4.6,0,2.8,5.8,2.4,0,0.1,0.8,0.4,0.1,0.1,0,0.2,0,0.1,0,0,0,0,0,0.0,0.0
99,atom,lvlMO,24.9,1.8,0,1.2,0.5,0.1,0.5,0.3,0.1,0.1,0.1,0.3,0.6,1,0,0.9,0,0,0.1,0.1,0,0.0,0.0
100,atom,lvlMO,17.4,2.7,0,1.7,3.7,1.5,0,0.1,0.2,0,0.1,0.2,0.2,0.2,0,0.0,0.0,0.0,0.0,0.0,0.0,0.0,0.0
101,atom,lvlMO,2.4,8.2,0,5.5,6.2,2.1,0.7,0.8,0.7,0.1,0.3,0.6,0.9,1,0,1.2,0,0,0.2,0.1,0,0.0,0.0
102,atom,lvlMO,0.5,1,0,0.7,0.6,0.2,0.2,0.2,0.2,0,0.9,2.8,3,1.6,0,2.2,0,0,0.1,0,0,0.0,0.0
103,atom,lvlMO,23,0.8,0,0.4,0.1,0,0.3,0.3,0.4,0.2,0.5,1.3,1.7,1.7,0,1.7,0,0,0.1,0.1,0,0.0,0.0
104,atom,lvlMO,0.3,0.3,0,0,0,0,0.1,0.1,4.5,4.3,1,1.3,0.9,2.7,0.2,12.9,0,0,2.4,2,0.2,0.9,0
105,atom,lvlMO,0.2,0.3,0,0.1,0.1,0.1,0.1,0.1,0.2,0.3,0.2,0.1,0,0.9,0,0.0,0.0,0.0,0.0,0.0,0.0,0.0,0.0
106,atom,lvlMO,1.1,0.3,0,0.2,2.3,1.3,0.3,0.2,0.1,0.2,0.5,1,0.6,0.1,0,0.7,0,0,0.1,0,0,0.0,0.0
107,atom,lvlMO,0.1,0.3,0,0.1,0.5,0.3,0,0,1.5,0.8,0.2,0.3,0.3,0.3,0,1.9,0,0,0.3,0.2,0,0,0
108,atom,lvlMO,0.7,0.3,0,0.1,0.2,0.1,0,0,0.9,0.5,0.1,0.1,0,0.1,0,0.1,0,0,0.1,0.1,0,0.0,0.0
109,atom,lvlMO,1.1,0,0,0,0.2,0.1,0.1,0.1,0,0.1,0.2,0.4,0.2,0.2,0,0.0,0.0,0.0,0.0,0.0,0.0,0.1,0
110,atom,lvlMO,0.6,0.1,0,0,0.1,0,0,0,0,0,0,0.1,0.1,0.2,0,0.0,0.0,0.0,0.0,0.0,0.0,0.0,0.0
111,atom,lvlMO,1,0,0,0,0,0,0.1,0.1,0.4,0,0.5,2.2,2.8,2.4,0,2,0,0,0.2,0.1,0,0.0,0.0
112,atom,lvlMO,2.2,1,0,0.9,0.3,0,0.6,0.9,1.5,0.4,5.1,15.8,16.5,8.4,0,11.6,0,0,0.4,0.1,0,0.0,0.0
113,atom,lvlMO,0.1,0.2,0,0.1,0.3,0.1,0,0.1,26.1,15.3,2,0.3,0.9,12.9,0.1,14.7,0.1,0,0.4,0.1,0,0.2,0
